<?xml version="1.0" encoding="UTF-8"?>
<employees>
  <DATA_RECORD>
    <employee_id>1</employee_id>
    <branch_id>2</branch_id>
    <first_name>Mike</first_name>
    <last_name>Johnson</last_name>
    <position>Manager</position>
  </DATA_RECORD>
  <DATA_RECORD>
    <employee_id>2</employee_id>
    <branch_id>3</branch_id>
    <first_name>Emily</first_name>
    <last_name>Williams</last_name>
    <position>Teller</position>
  </DATA_RECORD>
  <DATA_RECORD>
    <employee_id>3</employee_id>
    <branch_id>2</branch_id>
    <first_name>Robert</first_name>
    <last_name>Davis</last_name>
    <position>Teller</position>
  </DATA_RECORD>
  <DATA_RECORD>
    <employee_id>4</employee_id>
    <branch_id>3</branch_id>
    <first_name>Olivia</first_name>
    <last_name>Wilson</last_name>
    <position>Teller</position>
  </DATA_RECORD>
  <DATA_RECORD>
    <employee_id>5</employee_id>
    <branch_id>2</branch_id>
    <first_name>Daniel</first_name>
    <last_name>Johnson</last_name>
    <position>Analyst</position>
  </DATA_RECORD>
  <DATA_RECORD>
    <employee_id>6</employee_id>
    <branch_id>3</branch_id>
    <first_name>Sophia</first_name>
    <last_name>Clark</last_name>
    <position>Manager</position>
  </DATA_RECORD>
  <DATA_RECORD>
    <employee_id>7</employee_id>
    <branch_id>2</branch_id>
    <first_name>Mike</first_name>
    <last_name>Johnson</last_name>
    <position>Manager</position>
  </DATA_RECORD>
  <DATA_RECORD>
    <employee_id>8</employee_id>
    <branch_id>3</branch_id>
    <first_name>Emily</first_name>
    <last_name>Williams</last_name>
    <position>Teller</position>
  </DATA_RECORD>
  <DATA_RECORD>
    <employee_id>9</employee_id>
    <branch_id>2</branch_id>
    <first_name>Robert</first_name>
    <last_name>Davis</last_name>
    <position>Teller</position>
  </DATA_RECORD>
  <DATA_RECORD>
    <employee_id>10</employee_id>
    <branch_id>3</branch_id>
    <first_name>Olivia</first_name>
    <last_name>Wilson</last_name>
    <position>Teller</position>
  </DATA_RECORD>
  <DATA_RECORD>
    <employee_id>11</employee_id>
    <branch_id>2</branch_id>
    <first_name>Daniel</first_name>
    <last_name>Johnson</last_name>
    <position>Analyst</position>
  </DATA_RECORD>
  <DATA_RECORD>
    <employee_id>12</employee_id>
    <branch_id>3</branch_id>
    <first_name>Sophia</first_name>
    <last_name>Clark</last_name>
    <position>Manager</position>
  </DATA_RECORD>
</employees>
